:START_ID,:END_ID,:TYPE
600051,100000000,belong_to
600209,100000000,belong_to
600212,100000000,belong_to
600256,100000000,belong_to
600576,100000000,belong_to
600603,100000000,belong_to
600614,100000000,belong_to
600620,100000000,belong_to
600622,100000000,belong_to
600624,100000000,belong_to
600647,100000000,belong_to
600687,100000000,belong_to
600701,100000000,belong_to
600730,100000000,belong_to
600770,100000000,belong_to
600777,100000000,belong_to
600800,100000000,belong_to
600805,100000000,belong_to
600811,100000000,belong_to
600846,100000000,belong_to
600892,100000000,belong_to
000008,100000000,belong_to
000301,100000000,belong_to
000576,100000000,belong_to
000632,100000000,belong_to
000633,100000000,belong_to
000652,100000000,belong_to
000701,100000000,belong_to
000839,100000000,belong_to
000881,100000000,belong_to
000909,100000000,belong_to
600012,100000001,belong_to
600020,100000001,belong_to
600033,100000001,belong_to
600035,100000001,belong_to
600106,100000001,belong_to
600269,100000001,belong_to
600350,100000001,belong_to
600368,100000001,belong_to
600377,100000001,belong_to
600548,100000001,belong_to
601107,100000001,belong_to
601188,100000001,belong_to
601518,100000001,belong_to
000429,100000001,belong_to
000548,100000001,belong_to
000828,100000001,belong_to
000886,100000001,belong_to
000900,100000001,belong_to
600061,100000002,belong_to
600063,100000002,belong_to
600527,100000002,belong_to
600810,100000002,belong_to
600889,100000002,belong_to
601113,100000002,belong_to
601233,100000002,belong_to
000420,100000002,belong_to
000584,100000002,belong_to
000615,100000002,belong_to
000677,100000002,belong_to
000687,100000002,belong_to
000703,100000002,belong_to
000782,100000002,belong_to
000936,100000002,belong_to
000949,100000002,belong_to
000976,100000002,belong_to
002015,100000002,belong_to
002064,100000002,belong_to
002080,100000002,belong_to
002172,100000002,belong_to
002206,100000002,belong_to
002254,100000002,belong_to
002427,100000002,belong_to
002493,100000002,belong_to
300180,100000002,belong_to
600031,100000003,belong_to
600114,100000003,belong_to
600149,100000003,belong_to
600169,100000003,belong_to
600218,100000003,belong_to
600243,100000003,belong_to
600262,100000003,belong_to
600320,100000003,belong_to
600346,100000003,belong_to
600388,100000003,belong_to
600421,100000003,belong_to
600435,100000003,belong_to
600475,100000003,belong_to
600499,100000003,belong_to
600520,100000003,belong_to
600526,100000003,belong_to
600579,100000003,belong_to
600582,100000003,belong_to
600592,100000003,belong_to
600619,100000003,belong_to
600710,100000003,belong_to
600761,100000003,belong_to
600765,100000003,belong_to
600815,100000003,belong_to
600841,100000003,belong_to
600855,100000003,belong_to
600860,100000003,belong_to
600984,100000003,belong_to
601002,100000003,belong_to
601038,100000003,belong_to
601100,100000003,belong_to
601106,100000003,belong_to
601177,100000003,belong_to
601218,100000003,belong_to
601226,100000003,belong_to
601369,100000003,belong_to
601608,100000003,belong_to
601717,100000003,belong_to
601798,100000003,belong_to
603011,100000003,belong_to
603012,100000003,belong_to
603088,100000003,belong_to
603169,100000003,belong_to
603308,100000003,belong_to
603315,100000003,belong_to
603318,100000003,belong_to
603338,100000003,belong_to
603355,100000003,belong_to
603698,100000003,belong_to
603699,100000003,belong_to
603789,100000003,belong_to
000039,100000003,belong_to
000157,100000003,belong_to
000404,100000003,belong_to
000410,100000003,belong_to
000425,100000003,belong_to
000519,100000003,belong_to
000528,100000003,belong_to
000530,100000003,belong_to
000551,100000003,belong_to
000570,100000003,belong_to
000595,100000003,belong_to
000617,100000003,belong_to
000678,100000003,belong_to
000680,100000003,belong_to
000777,100000003,belong_to
000811,100000003,belong_to
000816,100000003,belong_to
000821,100000003,belong_to
000837,100000003,belong_to
000852,100000003,belong_to
000856,100000003,belong_to
000880,100000003,belong_to
000903,100000003,belong_to
000923,100000003,belong_to
000925,100000003,belong_to
002006,100000003,belong_to
002009,100000003,belong_to
002011,100000003,belong_to
002026,100000003,belong_to
002046,100000003,belong_to
002050,100000003,belong_to
002097,100000003,belong_to
002101,100000003,belong_to
002122,100000003,belong_to
002131,100000003,belong_to
002147,100000003,belong_to
002150,100000003,belong_to
002158,100000003,belong_to
002204,100000003,belong_to
002209,100000003,belong_to
002248,100000003,belong_to
002255,100000003,belong_to
002270,100000003,belong_to
002272,100000003,belong_to
002278,100000003,belong_to
002282,100000003,belong_to
002328,100000003,belong_to
002337,100000003,belong_to
002342,100000003,belong_to
002347,100000003,belong_to
002353,100000003,belong_to
002366,100000003,belong_to
002413,100000003,belong_to
002418,100000003,belong_to
002430,100000003,belong_to
002435,100000003,belong_to
002438,100000003,belong_to
002444,100000003,belong_to
002445,100000003,belong_to
002459,100000003,belong_to
002472,100000003,belong_to
002480,100000003,belong_to
002483,100000003,belong_to
002490,100000003,belong_to
002499,100000003,belong_to
002509,100000003,belong_to
002514,100000003,belong_to
002520,100000003,belong_to
002523,100000003,belong_to
002526,100000003,belong_to
002529,100000003,belong_to
002530,100000003,belong_to
002532,100000003,belong_to
002534,100000003,belong_to
002535,100000003,belong_to
002537,100000003,belong_to
002552,100000003,belong_to
002553,100000003,belong_to
002559,100000003,belong_to
002564,100000003,belong_to
002591,100000003,belong_to
002595,100000003,belong_to
002598,100000003,belong_to
002611,100000003,belong_to
002613,100000003,belong_to
002621,100000003,belong_to
002630,100000003,belong_to
002633,100000003,belong_to
002639,100000003,belong_to
002645,100000003,belong_to
002651,100000003,belong_to
002667,100000003,belong_to
002685,100000003,belong_to
002686,100000003,belong_to
002690,100000003,belong_to
002691,100000003,belong_to
002698,100000003,belong_to
002747,100000003,belong_to
300023,100000003,belong_to
300024,100000003,belong_to
300035,100000003,belong_to
300056,100000003,belong_to
300090,100000003,belong_to
300091,100000003,belong_to
300092,100000003,belong_to
300095,100000003,belong_to
300103,100000003,belong_to
300116,100000003,belong_to
300126,100000003,belong_to
300145,100000003,belong_to
300151,100000003,belong_to
300152,100000003,belong_to
300159,100000003,belong_to
300161,100000003,belong_to
300173,100000003,belong_to
300185,100000003,belong_to
300193,100000003,belong_to
300195,100000003,belong_to
300201,100000003,belong_to
300202,100000003,belong_to
300210,100000003,belong_to
300228,100000003,belong_to
300249,100000003,belong_to
300257,100000003,belong_to
300260,100000003,belong_to
300263,100000003,belong_to
300266,100000003,belong_to
300272,100000003,belong_to
300276,100000003,belong_to
300278,100000003,belong_to
300280,100000003,belong_to
300281,100000003,belong_to
300293,100000003,belong_to
300307,100000003,belong_to
300308,100000003,belong_to
300309,100000003,belong_to
300316,100000003,belong_to
300334,100000003,belong_to
300358,100000003,belong_to
300362,100000003,belong_to
300368,100000003,belong_to
300382,100000003,belong_to
300385,100000003,belong_to
300391,100000003,belong_to
300400,100000003,belong_to
300402,100000003,belong_to
300411,100000003,belong_to
300415,100000003,belong_to
300420,100000003,belong_to
300421,100000003,belong_to
300425,100000003,belong_to
300427,100000003,belong_to
300434,100000003,belong_to
300435,100000003,belong_to
300441,100000003,belong_to
300442,100000003,belong_to
300443,100000003,belong_to
600062,100000004,belong_to
600079,100000004,belong_to
600080,100000004,belong_to
600085,100000004,belong_to
600129,100000004,belong_to
600161,100000004,belong_to
600196,100000004,belong_to
600200,100000004,belong_to
600201,100000004,belong_to
600211,100000004,belong_to
600216,100000004,belong_to
600222,100000004,belong_to
600252,100000004,belong_to
600267,100000004,belong_to
600276,100000004,belong_to
600285,100000004,belong_to
600329,100000004,belong_to
600332,100000004,belong_to
600351,100000004,belong_to
600380,100000004,belong_to
600420,100000004,belong_to
600422,100000004,belong_to
600436,100000004,belong_to
600466,100000004,belong_to
600479,100000004,belong_to
600488,100000004,belong_to
600513,100000004,belong_to
600518,100000004,belong_to
600521,100000004,belong_to
600530,100000004,belong_to
600535,100000004,belong_to
600557,100000004,belong_to
600566,100000004,belong_to
600572,100000004,belong_to
600594,100000004,belong_to
600613,100000004,belong_to
600645,100000004,belong_to
600664,100000004,belong_to
600666,100000004,belong_to
600671,100000004,belong_to
600750,100000004,belong_to
600771,100000004,belong_to
600781,100000004,belong_to
600789,100000004,belong_to
600812,100000004,belong_to
600829,100000004,belong_to
600867,100000004,belong_to
600976,100000004,belong_to
600993,100000004,belong_to
603168,100000004,belong_to
603222,100000004,belong_to
603456,100000004,belong_to
603567,100000004,belong_to
603998,100000004,belong_to
000004,100000004,belong_to
000078,100000004,belong_to
000153,100000004,belong_to
000403,100000004,belong_to
000423,100000004,belong_to
000513,100000004,belong_to
000518,100000004,belong_to
000538,100000004,belong_to
000566,100000004,belong_to
000590,100000004,belong_to
000597,100000004,belong_to
000606,100000004,belong_to
000623,100000004,belong_to
000650,100000004,belong_to
000661,100000004,belong_to
000739,100000004,belong_to
000756,100000004,belong_to
000766,100000004,belong_to
000788,100000004,belong_to
000790,100000004,belong_to
000908,100000004,belong_to
000915,100000004,belong_to
000919,100000004,belong_to
000952,100000004,belong_to
000963,100000004,belong_to
000989,100000004,belong_to
000999,100000004,belong_to
002001,100000004,belong_to
002007,100000004,belong_to
002019,100000004,belong_to
002020,100000004,belong_to
002022,100000004,belong_to
002030,100000004,belong_to
002038,100000004,belong_to
002099,100000004,belong_to
002107,100000004,belong_to
002118,100000004,belong_to
002166,100000004,belong_to
002198,100000004,belong_to
002219,100000004,belong_to
002252,100000004,belong_to
002262,100000004,belong_to
002275,100000004,belong_to
002287,100000004,belong_to
002294,100000004,belong_to
002317,100000004,belong_to
002332,100000004,belong_to
002349,100000004,belong_to
002365,100000004,belong_to
002370,100000004,belong_to
002390,100000004,belong_to
002393,100000004,belong_to
002399,100000004,belong_to
002412,100000004,belong_to
002422,100000004,belong_to
002424,100000004,belong_to
002433,100000004,belong_to
002437,100000004,belong_to
002550,100000004,belong_to
002566,100000004,belong_to
002603,100000004,belong_to
002644,100000004,belong_to
002653,100000004,belong_to
002675,100000004,belong_to
002688,100000004,belong_to
002693,100000004,belong_to
002727,100000004,belong_to
002728,100000004,belong_to
002737,100000004,belong_to
002750,100000004,belong_to
300006,100000004,belong_to
300009,100000004,belong_to
300016,100000004,belong_to
300026,100000004,belong_to
300039,100000004,belong_to
300049,100000004,belong_to
300086,100000004,belong_to
300110,100000004,belong_to
300119,100000004,belong_to
300122,100000004,belong_to
300142,100000004,belong_to
300147,100000004,belong_to
300158,100000004,belong_to
300181,100000004,belong_to
300194,100000004,belong_to
300199,100000004,belong_to
300204,100000004,belong_to
300233,100000004,belong_to
300239,100000004,belong_to
300254,100000004,belong_to
300255,100000004,belong_to
300267,100000004,belong_to
300289,100000004,belong_to
300294,100000004,belong_to
300357,100000004,belong_to
300363,100000004,belong_to
300406,100000004,belong_to
300436,100000004,belong_to
300439,100000004,belong_to
600028,100000005,belong_to
600387,100000005,belong_to
600583,100000005,belong_to
600688,100000005,belong_to
600759,100000005,belong_to
600871,100000005,belong_to
601808,100000005,belong_to
601857,100000005,belong_to
603003,100000005,belong_to
000059,100000005,belong_to
000096,100000005,belong_to
000159,100000005,belong_to
000554,100000005,belong_to
000637,100000005,belong_to
000819,100000005,belong_to
002207,100000005,belong_to
002221,100000005,belong_to
002554,100000005,belong_to
002629,100000005,belong_to
300084,100000005,belong_to
300157,100000005,belong_to
300164,100000005,belong_to
300191,100000005,belong_to
600176,100000006,belong_to
600184,100000006,belong_to
600293,100000006,belong_to
600529,100000006,belong_to
600552,100000006,belong_to
600586,100000006,belong_to
600629,100000006,belong_to
600819,100000006,belong_to
600876,100000006,belong_to
601636,100000006,belong_to
603021,100000006,belong_to
603601,100000006,belong_to
000012,100000006,belong_to
002571,100000006,belong_to
002623,100000006,belong_to
300093,100000006,belong_to
300160,100000006,belong_to
300196,100000006,belong_to
300395,100000006,belong_to
600366,100000007,belong_to
600651,100000007,belong_to
600848,100000007,belong_to
601222,100000007,belong_to
601567,100000007,belong_to
603100,100000007,belong_to
000676,100000007,belong_to
000980,100000007,belong_to
000988,100000007,belong_to
002008,100000007,belong_to
002058,100000007,belong_to
002121,100000007,belong_to
002175,100000007,belong_to
002197,100000007,belong_to
002214,100000007,belong_to
002236,100000007,belong_to
002338,100000007,belong_to
002356,100000007,belong_to
002414,100000007,belong_to
002415,100000007,belong_to
002518,100000007,belong_to
002527,100000007,belong_to
002658,100000007,belong_to
300007,100000007,belong_to
300012,100000007,belong_to
300066,100000007,belong_to
300097,100000007,belong_to
300099,100000007,belong_to
300105,100000007,belong_to
300112,100000007,belong_to
300124,100000007,belong_to
300137,100000007,belong_to
300165,100000007,belong_to
300203,100000007,belong_to
300259,100000007,belong_to
300286,100000007,belong_to
300306,100000007,belong_to
300338,100000007,belong_to
300349,100000007,belong_to
300354,100000007,belong_to
300360,100000007,belong_to
300370,100000007,belong_to
300371,100000007,belong_to
300410,100000007,belong_to
300416,100000007,belong_to
300417,100000007,belong_to
300430,100000007,belong_to
300445,100000007,belong_to
600004,100000008,belong_to
600009,100000008,belong_to
600017,100000008,belong_to
600018,100000008,belong_to
600026,100000008,belong_to
600029,100000008,belong_to
600057,100000008,belong_to
600115,100000008,belong_to
600119,100000008,belong_to
600125,100000008,belong_to
600180,100000008,belong_to
600190,100000008,belong_to
600221,100000008,belong_to
600242,100000008,belong_to
600279,100000008,belong_to
600317,100000008,belong_to
600386,100000008,belong_to
600428,100000008,belong_to
600495,100000008,belong_to
600561,100000008,belong_to
600575,100000008,belong_to
600611,100000008,belong_to
600650,100000008,belong_to
600662,100000008,belong_to
600692,100000008,belong_to
600708,100000008,belong_to
600717,100000008,belong_to
600751,100000008,belong_to
600787,100000008,belong_to
600794,100000008,belong_to
600798,100000008,belong_to
600834,100000008,belong_to
600835,100000008,belong_to
600894,100000008,belong_to
600896,100000008,belong_to
600897,100000008,belong_to
600967,100000008,belong_to
601000,100000008,belong_to
601006,100000008,belong_to
601008,100000008,belong_to
601018,100000008,belong_to
601021,100000008,belong_to
601111,100000008,belong_to
601333,100000008,belong_to
601766,100000008,belong_to
601866,100000008,belong_to
601872,100000008,belong_to
601880,100000008,belong_to
601919,100000008,belong_to
603111,100000008,belong_to
603128,100000008,belong_to
603167,100000008,belong_to
603611,100000008,belong_to
000088,100000008,belong_to
000089,100000008,belong_to
000099,100000008,belong_to
000421,100000008,belong_to
000507,100000008,belong_to
000520,100000008,belong_to
000582,100000008,belong_to
000905,100000008,belong_to
000920,100000008,belong_to
000996,100000008,belong_to
002040,100000008,belong_to
002183,100000008,belong_to
002210,100000008,belong_to
002245,100000008,belong_to
002320,100000008,belong_to
002357,100000008,belong_to
002367,100000008,belong_to
002448,100000008,belong_to
002492,100000008,belong_to
002592,100000008,belong_to
002627,100000008,belong_to
002682,100000008,belong_to
002689,100000008,belong_to
002711,100000008,belong_to
300011,100000008,belong_to
300013,100000008,belong_to
300240,100000008,belong_to
300350,100000008,belong_to
600038,100000009,belong_to
600118,100000009,belong_to
600316,100000009,belong_to
600343,100000009,belong_to
600372,100000009,belong_to
600391,100000009,belong_to
600879,100000009,belong_to
600893,100000009,belong_to
000738,100000009,belong_to
000768,100000009,belong_to
000901,100000009,belong_to
002023,100000009,belong_to
002111,100000009,belong_to
300424,100000009,belong_to
600097,100000010,belong_to
600108,100000010,belong_to
600127,100000010,belong_to
600189,100000010,belong_to
600195,100000010,belong_to
600251,100000010,belong_to
600257,100000010,belong_to
600265,100000010,belong_to
600275,100000010,belong_to
600313,100000010,belong_to
600354,100000010,belong_to
600359,100000010,belong_to
600371,100000010,belong_to
600438,100000010,belong_to
600467,100000010,belong_to
600506,100000010,belong_to
600540,100000010,belong_to
600598,100000010,belong_to
600965,100000010,belong_to
600975,100000010,belong_to
601996,100000010,belong_to
603609,100000010,belong_to
000048,100000010,belong_to
000061,100000010,belong_to
000592,100000010,belong_to
000663,100000010,belong_to
000702,100000010,belong_to
000713,100000010,belong_to
000735,100000010,belong_to
000798,100000010,belong_to
000876,100000010,belong_to
000998,100000010,belong_to
002041,100000010,belong_to
002069,100000010,belong_to
002086,100000010,belong_to
002100,100000010,belong_to
002124,100000010,belong_to
002157,100000010,belong_to
002173,100000010,belong_to
002234,100000010,belong_to
002299,100000010,belong_to
002311,100000010,belong_to
002321,100000010,belong_to
002385,100000010,belong_to
002447,100000010,belong_to
002458,100000010,belong_to
002477,100000010,belong_to
002505,100000010,belong_to
002548,100000010,belong_to
002567,100000010,belong_to
002679,100000010,belong_to
002696,100000010,belong_to
002714,100000010,belong_to
002746,100000010,belong_to
300021,100000010,belong_to
300087,100000010,belong_to
300094,100000010,belong_to
300106,100000010,belong_to
300143,100000010,belong_to
300189,100000010,belong_to
300268,100000010,belong_to
300313,100000010,belong_to
300381,100000010,belong_to
600039,100000011,belong_to
600068,100000011,belong_to
600170,100000011,belong_to
600248,100000011,belong_to
600284,100000011,belong_to
600321,100000011,belong_to
600326,100000011,belong_to
600491,100000011,belong_to
600502,100000011,belong_to
600512,100000011,belong_to
600528,100000011,belong_to
600545,100000011,belong_to
600634,100000011,belong_to
600681,100000011,belong_to
600820,100000011,belong_to
600853,100000011,belong_to
600970,100000011,belong_to
600986,100000011,belong_to
601117,100000011,belong_to
601186,100000011,belong_to
601390,100000011,belong_to
601618,100000011,belong_to
601668,100000011,belong_to
601669,100000011,belong_to
601789,100000011,belong_to
601800,100000011,belong_to
601886,100000011,belong_to
603017,100000011,belong_to
603018,100000011,belong_to
603030,100000011,belong_to
603828,100000011,belong_to
603969,100000011,belong_to
000010,100000011,belong_to
000023,100000011,belong_to
000055,100000011,belong_to
000065,100000011,belong_to
000090,100000011,belong_to
000498,100000011,belong_to
000509,100000011,belong_to
000619,100000011,belong_to
000786,100000011,belong_to
000928,100000011,belong_to
000961,100000011,belong_to
002043,100000011,belong_to
002047,100000011,belong_to
002051,100000011,belong_to
002060,100000011,belong_to
002062,100000011,belong_to
002066,100000011,belong_to
002081,100000011,belong_to
002116,100000011,belong_to
002135,100000011,belong_to
002140,100000011,belong_to
002163,100000011,belong_to
002178,100000011,belong_to
002205,100000011,belong_to
002225,100000011,belong_to
002247,100000011,belong_to
002271,100000011,belong_to
002307,100000011,belong_to
002310,100000011,belong_to
002314,100000011,belong_to
002325,100000011,belong_to
002372,100000011,belong_to
002375,100000011,belong_to
002392,100000011,belong_to
002398,100000011,belong_to
002431,100000011,belong_to
002468,100000011,belong_to
002469,100000011,belong_to
002482,100000011,belong_to
002542,100000011,belong_to
002586,100000011,belong_to
002596,100000011,belong_to
002620,100000011,belong_to
002628,100000011,belong_to
002652,100000011,belong_to
002659,100000011,belong_to
002663,100000011,belong_to
002671,100000011,belong_to
002713,100000011,belong_to
002717,100000011,belong_to
002738,100000011,belong_to
002742,100000011,belong_to
300080,100000011,belong_to
300117,100000011,belong_to
300163,100000011,belong_to
300284,100000011,belong_to
300344,100000011,belong_to
300374,100000011,belong_to
600143,100000012,belong_to
600146,100000012,belong_to
600444,100000012,belong_to
600458,100000012,belong_to
600589,100000012,belong_to
603806,100000012,belong_to
000407,100000012,belong_to
000859,100000012,belong_to
000973,100000012,belong_to
002002,100000012,belong_to
002108,100000012,belong_to
002243,100000012,belong_to
002263,100000012,belong_to
002324,100000012,belong_to
002343,100000012,belong_to
002420,100000012,belong_to
002457,100000012,belong_to
002464,100000012,belong_to
002522,100000012,belong_to
002585,100000012,belong_to
002641,100000012,belong_to
002676,100000012,belong_to
002694,100000012,belong_to
002735,100000012,belong_to
300169,100000012,belong_to
300198,100000012,belong_to
300218,100000012,belong_to
300221,100000012,belong_to
300230,100000012,belong_to
300305,100000012,belong_to
300321,100000012,belong_to
300325,100000012,belong_to
300393,100000012,belong_to
600056,100000013,belong_to
600122,100000013,belong_to
600136,100000013,belong_to
600280,100000013,belong_to
600306,100000013,belong_to
600327,100000013,belong_to
600361,100000013,belong_to
600415,100000013,belong_to
600511,100000013,belong_to
600515,100000013,belong_to
600628,100000013,belong_to
600655,100000013,belong_to
600682,100000013,belong_to
600693,100000013,belong_to
600694,100000013,belong_to
600697,100000013,belong_to
600712,100000013,belong_to
600713,100000013,belong_to
600723,100000013,belong_to
600729,100000013,belong_to
600738,100000013,belong_to
600753,100000013,belong_to
600774,100000013,belong_to
600778,100000013,belong_to
600785,100000013,belong_to
600790,100000013,belong_to
600814,100000013,belong_to
600821,100000013,belong_to
600824,100000013,belong_to
600827,100000013,belong_to
600828,100000013,belong_to
600833,100000013,belong_to
600838,100000013,belong_to
600856,100000013,belong_to
600857,100000013,belong_to
600858,100000013,belong_to
600859,100000013,belong_to
600861,100000013,belong_to
600865,100000013,belong_to
600891,100000013,belong_to
600898,100000013,belong_to
600998,100000013,belong_to
601010,100000013,belong_to
601116,100000013,belong_to
601607,100000013,belong_to
601933,100000013,belong_to
603123,100000013,belong_to
603368,100000013,belong_to
603883,100000013,belong_to
603939,100000013,belong_to
000026,100000013,belong_to
000028,100000013,belong_to
000062,100000013,belong_to
000408,100000013,belong_to
000411,100000013,belong_to
000416,100000013,belong_to
000417,100000013,belong_to
000419,100000013,belong_to
000501,100000013,belong_to
000516,100000013,belong_to
000560,100000013,belong_to
000564,100000013,belong_to
000587,100000013,belong_to
000591,100000013,belong_to
000638,100000013,belong_to
000679,100000013,belong_to
000705,100000013,belong_to
000715,100000013,belong_to
000759,100000013,belong_to
000785,100000013,belong_to
000829,100000013,belong_to
000882,100000013,belong_to
000889,100000013,belong_to
000906,100000013,belong_to
000987,100000013,belong_to
002024,100000013,belong_to
002187,100000013,belong_to
002251,100000013,belong_to
002264,100000013,belong_to
002277,100000013,belong_to
002336,100000013,belong_to
002344,100000013,belong_to
002416,100000013,belong_to
002419,100000013,belong_to
002441,100000013,belong_to
002462,100000013,belong_to
002556,100000013,belong_to
002561,100000013,belong_to
002589,100000013,belong_to
002697,100000013,belong_to
300022,100000013,belong_to
300413,100000013,belong_to
600070,100000014,belong_to
600152,100000014,belong_to
600156,100000014,belong_to
600220,100000014,belong_to
600232,100000014,belong_to
600370,100000014,belong_to
600448,100000014,belong_to
600493,100000014,belong_to
600626,100000014,belong_to
600630,100000014,belong_to
600689,100000014,belong_to
600735,100000014,belong_to
600851,100000014,belong_to
600987,100000014,belong_to
601339,100000014,belong_to
601599,100000014,belong_to
603558,100000014,belong_to
603889,100000014,belong_to
000018,100000014,belong_to
000045,100000014,belong_to
000158,100000014,belong_to
000611,100000014,belong_to
000726,100000014,belong_to
000779,100000014,belong_to
000803,100000014,belong_to
000813,100000014,belong_to
000850,100000014,belong_to
000955,100000014,belong_to
000971,100000014,belong_to
000982,100000014,belong_to
002034,100000014,belong_to
002042,100000014,belong_to
002072,100000014,belong_to
002083,100000014,belong_to
002087,100000014,belong_to
002127,100000014,belong_to
002144,100000014,belong_to
002193,100000014,belong_to
002394,100000014,belong_to
002404,100000014,belong_to
002516,100000014,belong_to
600055,100000015,belong_to
600297,100000015,belong_to
600587,100000015,belong_to
600763,100000015,belong_to
603309,100000015,belong_to
000150,100000015,belong_to
002223,100000015,belong_to
002382,100000015,belong_to
002432,100000015,belong_to
002551,100000015,belong_to
002614,100000015,belong_to
300003,100000015,belong_to
300015,100000015,belong_to
300030,100000015,belong_to
300061,100000015,belong_to
300171,100000015,belong_to
300206,100000015,belong_to
300238,100000015,belong_to
300244,100000015,belong_to
300246,100000015,belong_to
300247,100000015,belong_to
300273,100000015,belong_to
300298,100000015,belong_to
300314,100000015,belong_to
300318,100000015,belong_to
300326,100000015,belong_to
300347,100000015,belong_to
300396,100000015,belong_to
300404,100000015,belong_to
300412,100000015,belong_to
600111,100000016,belong_to
600139,100000016,belong_to
600219,100000016,belong_to
600255,100000016,belong_to
600259,100000016,belong_to
600311,100000016,belong_to
600331,100000016,belong_to
600338,100000016,belong_to
600362,100000016,belong_to
600390,100000016,belong_to
600456,100000016,belong_to
600459,100000016,belong_to
600489,100000016,belong_to
600497,100000016,belong_to
600531,100000016,belong_to
600547,100000016,belong_to
600549,100000016,belong_to
600595,100000016,belong_to
600673,100000016,belong_to
600711,100000016,belong_to
600714,100000016,belong_to
600768,100000016,belong_to
600888,100000016,belong_to
600961,100000016,belong_to
601137,100000016,belong_to
601168,100000016,belong_to
601600,100000016,belong_to
601677,100000016,belong_to
601899,100000016,belong_to
601958,100000016,belong_to
000060,100000016,belong_to
000426,100000016,belong_to
000587,100000016,belong_to
000603,100000016,belong_to
000612,100000016,belong_to
000630,100000016,belong_to
000657,100000016,belong_to
000697,100000016,belong_to
000751,100000016,belong_to
000758,100000016,belong_to
000762,100000016,belong_to
000807,100000016,belong_to
000831,100000016,belong_to
000878,100000016,belong_to
000960,100000016,belong_to
000962,100000016,belong_to
002082,100000016,belong_to
002114,100000016,belong_to
002149,100000016,belong_to
002155,100000016,belong_to
002160,100000016,belong_to
002167,100000016,belong_to
002171,100000016,belong_to
002182,100000016,belong_to
002203,100000016,belong_to
002237,100000016,belong_to
002295,100000016,belong_to
002333,100000016,belong_to
002340,100000016,belong_to
002378,100000016,belong_to
002379,100000016,belong_to
002428,100000016,belong_to
002460,100000016,belong_to
002501,100000016,belong_to
002540,100000016,belong_to
002578,100000016,belong_to
002617,100000016,belong_to
300034,100000016,belong_to
600167,100000017,belong_to
600168,100000017,belong_to
600187,100000017,belong_to
600283,100000017,belong_to
600323,100000017,belong_to
600333,100000017,belong_to
600461,100000017,belong_to
600617,100000017,belong_to
600635,100000017,belong_to
600649,100000017,belong_to
600719,100000017,belong_to
600758,100000017,belong_to
600917,100000017,belong_to
600982,100000017,belong_to
601139,100000017,belong_to
601158,100000017,belong_to
601199,100000017,belong_to
000593,100000017,belong_to
000605,100000017,belong_to
000669,100000017,belong_to
000685,100000017,belong_to
000692,100000017,belong_to
000695,100000017,belong_to
002267,100000017,belong_to
002700,100000017,belong_to
600089,100000018,belong_to
600192,100000018,belong_to
600268,100000018,belong_to
600290,100000018,belong_to
600312,100000018,belong_to
600416,100000018,belong_to
600517,100000018,belong_to
600525,100000018,belong_to
600550,100000018,belong_to
600580,100000018,belong_to
600590,100000018,belong_to
600875,100000018,belong_to
600973,100000018,belong_to
601126,100000018,belong_to
601179,100000018,belong_to
601558,100000018,belong_to
601700,100000018,belong_to
601727,100000018,belong_to
601877,100000018,belong_to
603333,100000018,belong_to
603618,100000018,belong_to
000400,100000018,belong_to
000585,100000018,belong_to
000682,100000018,belong_to
000806,100000018,belong_to
000967,100000018,belong_to
002028,100000018,belong_to
002074,100000018,belong_to
002112,100000018,belong_to
002123,100000018,belong_to
002130,100000018,belong_to
002168,100000018,belong_to
002169,100000018,belong_to
002202,100000018,belong_to
002212,100000018,belong_to
002227,100000018,belong_to
002276,100000018,belong_to
002300,100000018,belong_to
002323,100000018,belong_to
002350,100000018,belong_to
002358,100000018,belong_to
002451,100000018,belong_to
002471,100000018,belong_to
002498,100000018,belong_to
002531,100000018,belong_to
002533,100000018,belong_to
002560,100000018,belong_to
002622,100000018,belong_to
002660,100000018,belong_to
300001,100000018,belong_to
300004,100000018,belong_to
300018,100000018,belong_to
300040,100000018,belong_to
300048,100000018,belong_to
300062,100000018,belong_to
300069,100000018,belong_to
300120,100000018,belong_to
300125,100000018,belong_to
300129,100000018,belong_to
300141,100000018,belong_to
300153,100000018,belong_to
300208,100000018,belong_to
300341,100000018,belong_to
300444,100000018,belong_to
600069,100000019,belong_to
600103,100000019,belong_to
600163,100000019,belong_to
600235,100000019,belong_to
600308,100000019,belong_to
600356,100000019,belong_to
600433,100000019,belong_to
600462,100000019,belong_to
600567,100000019,belong_to
600793,100000019,belong_to
600963,100000019,belong_to
600966,100000019,belong_to
000488,100000019,belong_to
000815,100000019,belong_to
000820,100000019,belong_to
000833,100000019,belong_to
002012,100000019,belong_to
002067,100000019,belong_to
002078,100000019,belong_to
002235,100000019,belong_to
002303,100000019,belong_to
002511,100000019,belong_to
002521,100000019,belong_to
002565,100000019,belong_to
600072,100000020,belong_to
600150,100000020,belong_to
600685,100000020,belong_to
601890,100000020,belong_to
601989,100000020,belong_to
002608,100000020,belong_to
300008,100000020,belong_to
300123,100000020,belong_to
600121,100000021,belong_to
600123,100000021,belong_to
600157,100000021,belong_to
600179,100000021,belong_to
600188,100000021,belong_to
600348,100000021,belong_to
600381,100000021,belong_to
600395,100000021,belong_to
600397,100000021,belong_to
600403,100000021,belong_to
600408,100000021,belong_to
600508,100000021,belong_to
600546,100000021,belong_to
600652,100000021,belong_to
600714,100000021,belong_to
600721,100000021,belong_to
600725,100000021,belong_to
600740,100000021,belong_to
600792,100000021,belong_to
600971,100000021,belong_to
600997,100000021,belong_to
601001,100000021,belong_to
601011,100000021,belong_to
601015,100000021,belong_to
601088,100000021,belong_to
601101,100000021,belong_to
601225,100000021,belong_to
601666,100000021,belong_to
601699,100000021,belong_to
601898,100000021,belong_to
601918,100000021,belong_to
000034,100000021,belong_to
000552,100000021,belong_to
000571,100000021,belong_to
000723,100000021,belong_to
000780,100000021,belong_to
000933,100000021,belong_to
000937,100000021,belong_to
000968,100000021,belong_to
000983,100000021,belong_to
002128,100000021,belong_to
600073,100000022,belong_to
600186,100000022,belong_to
600191,100000022,belong_to
600260,100000022,belong_to
600298,100000022,belong_to
600300,100000022,belong_to
600305,100000022,belong_to
600419,100000022,belong_to
600429,100000022,belong_to
600597,100000022,belong_to
600695,100000022,belong_to
600737,100000022,belong_to
600866,100000022,belong_to
600872,100000022,belong_to
600873,100000022,belong_to
600887,100000022,belong_to
600962,100000022,belong_to
603020,100000022,belong_to
603288,100000022,belong_to
000019,100000022,belong_to
000529,100000022,belong_to
000639,100000022,belong_to
000716,100000022,belong_to
000796,100000022,belong_to
000848,100000022,belong_to
000893,100000022,belong_to
000895,100000022,belong_to
000911,100000022,belong_to
000930,100000022,belong_to
000972,100000022,belong_to
002216,100000022,belong_to
002220,100000022,belong_to
002286,100000022,belong_to
002329,100000022,belong_to
002330,100000022,belong_to
002387,100000022,belong_to
002481,100000022,belong_to
002495,100000022,belong_to
002507,100000022,belong_to
002515,100000022,belong_to
002557,100000022,belong_to
002568,100000022,belong_to
002570,100000022,belong_to
002582,100000022,belong_to
002626,100000022,belong_to
002650,100000022,belong_to
002661,100000022,belong_to
002695,100000022,belong_to
002702,100000022,belong_to
002719,100000022,belong_to
002726,100000022,belong_to
002732,100000022,belong_to
300138,100000022,belong_to
300146,100000022,belong_to
300149,100000022,belong_to
300175,100000022,belong_to
300401,100000022,belong_to
600145,100000023,belong_to
603268,100000023,belong_to
002102,100000023,belong_to
002162,100000023,belong_to
300089,100000023,belong_to
300234,100000023,belong_to
300409,100000023,belong_to
600302,100000024,belong_to
600610,100000024,belong_to
600843,100000024,belong_to
000666,100000024,belong_to
002021,100000024,belong_to
002196,100000024,belong_to
002722,100000024,belong_to
300384,100000024,belong_to
600010,100000025,belong_to
600019,100000025,belong_to
600022,100000025,belong_to
600117,100000025,belong_to
600126,100000025,belong_to
600165,100000025,belong_to
600193,100000025,belong_to
600231,100000025,belong_to
600282,100000025,belong_to
600307,100000025,belong_to
600399,100000025,belong_to
600477,100000025,belong_to
600496,100000025,belong_to
600507,100000025,belong_to
600532,100000025,belong_to
600558,100000025,belong_to
600569,100000025,belong_to
600581,100000025,belong_to
600782,100000025,belong_to
600784,100000025,belong_to
600808,100000025,belong_to
600882,100000025,belong_to
600992,100000025,belong_to
601003,100000025,belong_to
601005,100000025,belong_to
601028,100000025,belong_to
601969,100000025,belong_to
000409,100000025,belong_to
000629,100000025,belong_to
000655,100000025,belong_to
000708,100000025,belong_to
000709,100000025,belong_to
000717,100000025,belong_to
000761,100000025,belong_to
000778,100000025,belong_to
000825,100000025,belong_to
000890,100000025,belong_to
000898,100000025,belong_to
000932,100000025,belong_to
000959,100000025,belong_to
000969,100000025,belong_to
002075,100000025,belong_to
002110,100000025,belong_to
002132,100000025,belong_to
002318,100000025,belong_to
002359,100000025,belong_to
002423,100000025,belong_to
002443,100000025,belong_to
002478,100000025,belong_to
002487,100000025,belong_to
002524,100000025,belong_to
002541,100000025,belong_to
002545,100000025,belong_to
002615,100000025,belong_to
002743,100000025,belong_to
300345,100000025,belong_to
600008,100000026,belong_to
600292,100000026,belong_to
600874,100000026,belong_to
603126,100000026,belong_to
603588,100000026,belong_to
603686,100000026,belong_to
000544,100000026,belong_to
000598,100000026,belong_to
000826,100000026,belong_to
002200,100000026,belong_to
002549,100000026,belong_to
002573,100000026,belong_to
002616,100000026,belong_to
002672,100000026,belong_to
300055,100000026,belong_to
300070,100000026,belong_to
300156,100000026,belong_to
300172,100000026,belong_to
300187,100000026,belong_to
300190,100000026,belong_to
300197,100000026,belong_to
300262,100000026,belong_to
300332,100000026,belong_to
300335,100000026,belong_to
300355,100000026,belong_to
300388,100000026,belong_to
300422,100000026,belong_to
600059,100000027,belong_to
600084,100000027,belong_to
600090,100000027,belong_to
600132,100000027,belong_to
600197,100000027,belong_to
600199,100000027,belong_to
600238,100000027,belong_to
600365,100000027,belong_to
600519,100000027,belong_to
600543,100000027,belong_to
600559,100000027,belong_to
600573,100000027,belong_to
600600,100000027,belong_to
600616,100000027,belong_to
600702,100000027,belong_to
600779,100000027,belong_to
600809,100000027,belong_to
601579,100000027,belong_to
603369,100000027,belong_to
000557,100000027,belong_to
000568,100000027,belong_to
000596,100000027,belong_to
000729,100000027,belong_to
000752,100000027,belong_to
000799,100000027,belong_to
000858,100000027,belong_to
000860,100000027,belong_to
000869,100000027,belong_to
000929,100000027,belong_to
002304,100000027,belong_to
002461,100000027,belong_to
002646,100000027,belong_to
600025,100000028,belong_to
600933,100000028,belong_to
601019,100000028,belong_to
603076,100000028,belong_to
603080,100000028,belong_to
603083,100000028,belong_to
603161,100000028,belong_to
603278,100000028,belong_to
603283,100000028,belong_to
603329,100000028,belong_to
603365,100000028,belong_to
603477,100000028,belong_to
603605,100000028,belong_to
603619,100000028,belong_to
603655,100000028,belong_to
603661,100000028,belong_to
603685,100000028,belong_to
603711,100000028,belong_to
603809,100000028,belong_to
603848,100000028,belong_to
603890,100000028,belong_to
603916,100000028,belong_to
603917,100000028,belong_to
603970,100000028,belong_to
001965,100000028,belong_to
002864,100000028,belong_to
002911,100000028,belong_to
002912,100000028,belong_to
002913,100000028,belong_to
002915,100000028,belong_to
002916,100000028,belong_to
002917,100000028,belong_to
002918,100000028,belong_to
002919,100000028,belong_to
002920,100000028,belong_to
002921,100000028,belong_to
002922,100000028,belong_to
002923,100000028,belong_to
300664,100000028,belong_to
300684,100000028,belong_to
300721,100000028,belong_to
300722,100000028,belong_to
300723,100000028,belong_to
300725,100000028,belong_to
300726,100000028,belong_to
300727,100000028,belong_to
300729,100000028,belong_to
300730,100000028,belong_to
300731,100000028,belong_to
300732,100000028,belong_to
300735,100000028,belong_to
300736,100000028,belong_to
600112,100000029,belong_to
600202,100000029,belong_to
600379,100000029,belong_to
600405,100000029,belong_to
600468,100000029,belong_to
600482,100000029,belong_to
600560,100000029,belong_to
600577,100000029,belong_to
600847,100000029,belong_to
600885,100000029,belong_to
601311,100000029,belong_to
601616,100000029,belong_to
603015,100000029,belong_to
603606,100000029,belong_to
603703,100000029,belong_to
603988,100000029,belong_to
000049,100000029,belong_to
000922,100000029,belong_to
002164,100000029,belong_to
002176,100000029,belong_to
002249,100000029,belong_to
002266,100000029,belong_to
002298,100000029,belong_to
002309,100000029,belong_to
002322,100000029,belong_to
002334,100000029,belong_to
002335,100000029,belong_to
002339,100000029,belong_to
002364,100000029,belong_to
002380,100000029,belong_to
002452,100000029,belong_to
002546,100000029,belong_to
002576,100000029,belong_to
002580,100000029,belong_to
002606,100000029,belong_to
002617,100000029,belong_to
002647,100000029,belong_to
002664,100000029,belong_to
002665,100000029,belong_to
002670,100000029,belong_to
002684,100000029,belong_to
002706,100000029,belong_to
002730,100000029,belong_to
002733,100000029,belong_to
300068,100000029,belong_to
300140,100000029,belong_to
300217,100000029,belong_to
300222,100000029,belong_to
300252,100000029,belong_to
300265,100000029,belong_to
300274,100000029,belong_to
300283,100000029,belong_to
300356,100000029,belong_to
300376,100000029,belong_to
300403,100000029,belong_to
300407,100000029,belong_to
300438,100000029,belong_to
300447,100000029,belong_to
600037,100000030,belong_to
600088,100000030,belong_to
600234,100000030,belong_to
600373,100000030,belong_to
600551,100000030,belong_to
600633,100000030,belong_to
600637,100000030,belong_to
600757,100000030,belong_to
600825,100000030,belong_to
600831,100000030,belong_to
600959,100000030,belong_to
601098,100000030,belong_to
601801,100000030,belong_to
601928,100000030,belong_to
601929,100000030,belong_to
601999,100000030,belong_to
000156,100000030,belong_to
000504,100000030,belong_to
000607,100000030,belong_to
000665,100000030,belong_to
000719,100000030,belong_to
000793,100000030,belong_to
000835,100000030,belong_to
000917,100000030,belong_to
002071,100000030,belong_to
002143,100000030,belong_to
002181,100000030,belong_to
002238,100000030,belong_to
002292,100000030,belong_to
002624,100000030,belong_to
002712,100000030,belong_to
002739,100000030,belong_to
300027,100000030,belong_to
300133,100000030,belong_to
300148,100000030,belong_to
300251,100000030,belong_to
300291,100000030,belong_to
300336,100000030,belong_to
300364,100000030,belong_to
300426,100000030,belong_to
600075,100000031,belong_to
600078,100000031,belong_to
600091,100000031,belong_to
600135,100000031,belong_to
600141,100000031,belong_to
600155,100000031,belong_to
600160,100000031,belong_to
600228,100000031,belong_to
600229,100000031,belong_to
600249,100000031,belong_to
600273,100000031,belong_to
600277,100000031,belong_to
600281,100000031,belong_to
600299,100000031,belong_to
600301,100000031,belong_to
600309,100000031,belong_to
600315,100000031,belong_to
600319,100000031,belong_to
600328,100000031,belong_to
600339,100000031,belong_to
600352,100000031,belong_to
600367,100000031,belong_to
600378,100000031,belong_to
600409,100000031,belong_to
600481,100000031,belong_to
600490,100000031,belong_to
600599,100000031,belong_to
600618,100000031,belong_to
600636,100000031,belong_to
600722,100000031,belong_to
600746,100000031,belong_to
600844,100000031,belong_to
600985,100000031,belong_to
601118,100000031,belong_to
601208,100000031,belong_to
601216,100000031,belong_to
601678,100000031,belong_to
603002,100000031,belong_to
603010,100000031,belong_to
603077,100000031,belong_to
603188,100000031,belong_to
000510,100000031,belong_to
000523,100000031,belong_to
000545,100000031,belong_to
000565,100000031,belong_to
000627,100000031,belong_to
000635,100000031,belong_to
000662,100000031,belong_to
000683,100000031,belong_to
000698,100000031,belong_to
000707,100000031,belong_to
000737,100000031,belong_to
000755,100000031,belong_to
000818,100000031,belong_to
000822,100000031,belong_to
000887,100000031,belong_to
000985,100000031,belong_to
000990,100000031,belong_to
002010,100000031,belong_to
002014,100000031,belong_to
002037,100000031,belong_to
002053,100000031,belong_to
002054,100000031,belong_to
002061,100000031,belong_to
002068,100000031,belong_to
002092,100000031,belong_to
002094,100000031,belong_to
002096,100000031,belong_to
002109,100000031,belong_to
002125,100000031,belong_to
002136,100000031,belong_to
002145,100000031,belong_to
002165,100000031,belong_to
002192,100000031,belong_to
002201,100000031,belong_to
002211,100000031,belong_to
002217,100000031,belong_to
002224,100000031,belong_to
002226,100000031,belong_to
002246,100000031,belong_to
002250,100000031,belong_to
002256,100000031,belong_to
002319,100000031,belong_to
002326,100000031,belong_to
002341,100000031,belong_to
002360,100000031,belong_to
002361,100000031,belong_to
002377,100000031,belong_to
002381,100000031,belong_to
002386,100000031,belong_to
002395,100000031,belong_to
002407,100000031,belong_to
002408,100000031,belong_to
002409,100000031,belong_to
002411,100000031,belong_to
002440,100000031,belong_to
002442,100000031,belong_to
002450,100000031,belong_to
002453,100000031,belong_to
002455,100000031,belong_to
002466,100000031,belong_to
002476,100000031,belong_to
002497,100000031,belong_to
002562,100000031,belong_to
002581,100000031,belong_to
002584,100000031,belong_to
002597,100000031,belong_to
002601,100000031,belong_to
002632,100000031,belong_to
002637,100000031,belong_to
002643,100000031,belong_to
002648,100000031,belong_to
002666,100000031,belong_to
002669,100000031,belong_to
002683,100000031,belong_to
002709,100000031,belong_to
002741,100000031,belong_to
002748,100000031,belong_to
300019,100000031,belong_to
300031,100000031,belong_to
300037,100000031,belong_to
300041,100000031,belong_to
300054,100000031,belong_to
300063,100000031,belong_to
300067,100000031,belong_to
300072,100000031,belong_to
300082,100000031,belong_to
300107,100000031,belong_to
300108,100000031,belong_to
300109,100000031,belong_to
300121,100000031,belong_to
300132,100000031,belong_to
300135,100000031,belong_to
300174,100000031,belong_to
300192,100000031,belong_to
300200,100000031,belong_to
300214,100000031,belong_to
300225,100000031,belong_to
300236,100000031,belong_to
300237,100000031,belong_to
300243,100000031,belong_to
300285,100000031,belong_to
300320,100000031,belong_to
300343,100000031,belong_to
300387,100000031,belong_to
300398,100000031,belong_to
300405,100000031,belong_to
300429,100000031,belong_to
300437,100000031,belong_to
300446,100000031,belong_to
600048,100000032,belong_to
600052,100000032,belong_to
600053,100000032,belong_to
600067,100000032,belong_to
600077,100000032,belong_to
600082,100000032,belong_to
600094,100000032,belong_to
600095,100000032,belong_to
600113,100000032,belong_to
600133,100000032,belong_to
600159,100000032,belong_to
600162,100000032,belong_to
600173,100000032,belong_to
600175,100000032,belong_to
600185,100000032,belong_to
600208,100000032,belong_to
600223,100000032,belong_to
600225,100000032,belong_to
600239,100000032,belong_to
600240,100000032,belong_to
600246,100000032,belong_to
600266,100000032,belong_to
600322,100000032,belong_to
600325,100000032,belong_to
600340,100000032,belong_to
600376,100000032,belong_to
600383,100000032,belong_to
600393,100000032,belong_to
600463,100000032,belong_to
600503,100000032,belong_to
600510,100000032,belong_to
600533,100000032,belong_to
600565,100000032,belong_to
600568,100000032,belong_to
600606,100000032,belong_to
600615,100000032,belong_to
600621,100000032,belong_to
600638,100000032,belong_to
600641,100000032,belong_to
600657,100000032,belong_to
600663,100000032,belong_to
600665,100000032,belong_to
600675,100000032,belong_to
600683,100000032,belong_to
600684,100000032,belong_to
600696,100000032,belong_to
600716,100000032,belong_to
600724,100000032,belong_to
600732,100000032,belong_to
600733,100000032,belong_to
600743,100000032,belong_to
600745,100000032,belong_to
600748,100000032,belong_to
600767,100000032,belong_to
600773,100000032,belong_to
600791,100000032,belong_to
600807,100000032,belong_to
600823,100000032,belong_to
600862,100000032,belong_to
600890,100000032,belong_to
601588,100000032,belong_to
000002,100000032,belong_to
000005,100000032,belong_to
000006,100000032,belong_to
000009,100000032,belong_to
000011,100000032,belong_to
000014,100000032,belong_to
000029,100000032,belong_to
000031,100000032,belong_to
000036,100000032,belong_to
000038,100000032,belong_to
000040,100000032,belong_to
000042,100000032,belong_to
000043,100000032,belong_to
000046,100000032,belong_to
000056,100000032,belong_to
000402,100000032,belong_to
000502,100000032,belong_to
000505,100000032,belong_to
000506,100000032,belong_to
000514,100000032,belong_to
000517,100000032,belong_to
000526,100000032,belong_to
000534,100000032,belong_to
000537,100000032,belong_to
000540,100000032,belong_to
000558,100000032,belong_to
000567,100000032,belong_to
000573,100000032,belong_to
000608,100000032,belong_to
000609,100000032,belong_to
000616,100000032,belong_to
000620,100000032,belong_to
000631,100000032,belong_to
000656,100000032,belong_to
000667,100000032,belong_to
000668,100000032,belong_to
000671,100000032,belong_to
000691,100000032,belong_to
000718,100000032,belong_to
000732,100000032,belong_to
000736,100000032,belong_to
000797,100000032,belong_to
000809,100000032,belong_to
000838,100000032,belong_to
000861,100000032,belong_to
000863,100000032,belong_to
000897,100000032,belong_to
000918,100000032,belong_to
000926,100000032,belong_to
000931,100000032,belong_to
000965,100000032,belong_to
000981,100000032,belong_to
002016,100000032,belong_to
002077,100000032,belong_to
002133,100000032,belong_to
002146,100000032,belong_to
002208,100000032,belong_to
002244,100000032,belong_to
002285,100000032,belong_to
002305,100000032,belong_to
600000,100000033,belong_to
600015,100000033,belong_to
600016,100000033,belong_to
600030,100000033,belong_to
600036,100000033,belong_to
600109,100000033,belong_to
600291,100000033,belong_to
600369,100000033,belong_to
600643,100000033,belong_to
600705,100000033,belong_to
600816,100000033,belong_to
600830,100000033,belong_to
600837,100000033,belong_to
600958,100000033,belong_to
600999,100000033,belong_to
601009,100000033,belong_to
601099,100000033,belong_to
601166,100000033,belong_to
601169,100000033,belong_to
601198,100000033,belong_to
601288,100000033,belong_to
601318,100000033,belong_to
601328,100000033,belong_to
601336,100000033,belong_to
601377,100000033,belong_to
601398,100000033,belong_to
601555,100000033,belong_to
601601,100000033,belong_to
601628,100000033,belong_to
601688,100000033,belong_to
601788,100000033,belong_to
601818,100000033,belong_to
601901,100000033,belong_to
601939,100000033,belong_to
601988,100000033,belong_to
601998,100000033,belong_to
000001,100000033,belong_to
000166,100000033,belong_to
000415,100000033,belong_to
000563,100000033,belong_to
000686,100000033,belong_to
000712,100000033,belong_to
000728,100000033,belong_to
000750,100000033,belong_to
000776,100000033,belong_to
000783,100000033,belong_to
002142,100000033,belong_to
002500,100000033,belong_to
002673,100000033,belong_to
002736,100000033,belong_to
600172,100000034,belong_to
600516,100000034,belong_to
600783,100000034,belong_to
603022,100000034,belong_to
603023,100000034,belong_to
603026,100000034,belong_to
603108,100000034,belong_to
603116,100000034,belong_to
603198,100000034,belong_to
603227,100000034,belong_to
603300,100000034,belong_to
603311,100000034,belong_to
603566,100000034,belong_to
603568,100000034,belong_to
603598,100000034,belong_to
603669,100000034,belong_to
603688,100000034,belong_to
603718,100000034,belong_to
603885,100000034,belong_to
603901,100000034,belong_to
603918,100000034,belong_to
603968,100000034,belong_to
603989,100000034,belong_to
000795,100000034,belong_to
002088,100000034,belong_to
002297,100000034,belong_to
002352,100000034,belong_to
002753,100000034,belong_to
002755,100000034,belong_to
002756,100000034,belong_to
002757,100000034,belong_to
002758,100000034,belong_to
002759,100000034,belong_to
300064,100000034,belong_to
300073,100000034,belong_to
300179,100000034,belong_to
300450,100000034,belong_to
300451,100000034,belong_to
300452,100000034,belong_to
300453,100000034,belong_to
300455,100000034,belong_to
300456,100000034,belong_to
300457,100000034,belong_to
300458,100000034,belong_to
300459,100000034,belong_to
300460,100000034,belong_to
300461,100000034,belong_to
300462,100000034,belong_to
300463,100000034,belong_to
300465,100000034,belong_to
300466,100000034,belong_to
300467,100000034,belong_to
300468,100000034,belong_to
600007,100000035,belong_to
600064,100000035,belong_to
600215,100000035,belong_to
600604,100000035,belong_to
600639,100000035,belong_to
600648,100000035,belong_to
600658,100000035,belong_to
600736,100000035,belong_to
600895,100000035,belong_to
000628,100000035,belong_to
600050,100000036,belong_to
600074,100000036,belong_to
600076,100000036,belong_to
600100,100000036,belong_to
600105,100000036,belong_to
600130,100000036,belong_to
600198,100000036,belong_to
600271,100000036,belong_to
600288,100000036,belong_to
600289,100000036,belong_to
600330,100000036,belong_to
600345,100000036,belong_to
600406,100000036,belong_to
600410,100000036,belong_to
600446,100000036,belong_to
600455,100000036,belong_to
600476,100000036,belong_to
600485,100000036,belong_to
600487,100000036,belong_to
600498,100000036,belong_to
600522,100000036,belong_to
600536,100000036,belong_to
600556,100000036,belong_to
600562,100000036,belong_to
600570,100000036,belong_to
600571,100000036,belong_to
600588,100000036,belong_to
600601,100000036,belong_to
600608,100000036,belong_to
600654,100000036,belong_to
600677,100000036,belong_to
600718,100000036,belong_to
600728,100000036,belong_to
600734,100000036,belong_to
600756,100000036,belong_to
600764,100000036,belong_to
600775,100000036,belong_to
600776,100000036,belong_to
600797,100000036,belong_to
600804,100000036,belong_to
600845,100000036,belong_to
600850,100000036,belong_to
600990,100000036,belong_to
601519,100000036,belong_to
603000,100000036,belong_to
603019,100000036,belong_to
603025,100000036,belong_to
603636,100000036,belong_to
000021,100000036,belong_to
000032,100000036,belong_to
000035,100000036,belong_to
000063,100000036,belong_to
000066,100000036,belong_to
000070,100000036,belong_to
000503,100000036,belong_to
000532,100000036,belong_to
000547,100000036,belong_to
000555,100000036,belong_to
000561,100000036,belong_to
000586,100000036,belong_to
000681,100000036,belong_to
000711,100000036,belong_to
000801,100000036,belong_to
000836,100000036,belong_to
000851,100000036,belong_to
000892,100000036,belong_to
000938,100000036,belong_to
000948,100000036,belong_to
000970,100000036,belong_to
000977,100000036,belong_to
000997,100000036,belong_to
002017,100000036,belong_to
002027,100000036,belong_to
002052,100000036,belong_to
002063,100000036,belong_to
002065,100000036,belong_to
002073,100000036,belong_to
002089,100000036,belong_to
002090,100000036,belong_to
002093,100000036,belong_to
002095,100000036,belong_to
002115,100000036,belong_to
002148,100000036,belong_to
002151,100000036,belong_to
002152,100000036,belong_to
002153,100000036,belong_to
002161,100000036,belong_to
002174,100000036,belong_to
002177,100000036,belong_to
002180,100000036,belong_to
002184,100000036,belong_to
002194,100000036,belong_to
002195,100000036,belong_to
002230,100000036,belong_to
002231,100000036,belong_to
002232,100000036,belong_to
002253,100000036,belong_to
002261,100000036,belong_to
002268,100000036,belong_to
002279,100000036,belong_to
002280,100000036,belong_to
002281,100000036,belong_to
002296,100000036,belong_to
002308,100000036,belong_to
002312,100000036,belong_to
002313,100000036,belong_to
002315,100000036,belong_to
002316,100000036,belong_to
002331,100000036,belong_to
002351,100000036,belong_to
002354,100000036,belong_to
002362,100000036,belong_to
002368,100000036,belong_to
002369,100000036,belong_to
002373,100000036,belong_to
002376,100000036,belong_to
002383,100000036,belong_to
002384,100000036,belong_to
002396,100000036,belong_to
002401,100000036,belong_to
002405,100000036,belong_to
002410,100000036,belong_to
002417,100000036,belong_to
002421,100000036,belong_to
002439,100000036,belong_to
002446,100000036,belong_to
002465,100000036,belong_to
002467,100000036,belong_to
002474,100000036,belong_to
002491,100000036,belong_to
002519,100000036,belong_to
002528,100000036,belong_to
002544,100000036,belong_to
002547,100000036,belong_to
002577,100000036,belong_to
002583,100000036,belong_to
002609,100000036,belong_to
002635,100000036,belong_to
002642,100000036,belong_to
002649,100000036,belong_to
002657,100000036,belong_to
300002,100000036,belong_to
300010,100000036,belong_to
300017,100000036,belong_to
300020,100000036,belong_to
300025,100000036,belong_to
300033,100000036,belong_to
300036,100000036,belong_to
300038,100000036,belong_to
300042,100000036,belong_to
300044,100000036,belong_to
300045,100000036,belong_to
300047,100000036,belong_to
300050,100000036,belong_to
300051,100000036,belong_to
300052,100000036,belong_to
300059,100000036,belong_to
300065,100000036,belong_to
300074,100000036,belong_to
300075,100000036,belong_to
300076,100000036,belong_to
300079,100000036,belong_to
300081,100000036,belong_to
300085,100000036,belong_to
300096,100000036,belong_to
300098,100000036,belong_to
300101,100000036,belong_to
300113,100000036,belong_to
300130,100000036,belong_to
300134,100000036,belong_to
300136,100000036,belong_to
300150,100000036,belong_to
300166,100000036,belong_to
300167,100000036,belong_to
300168,100000036,belong_to
300170,100000036,belong_to
300177,100000036,belong_to
300182,100000036,belong_to
300183,100000036,belong_to
300188,100000036,belong_to
300209,100000036,belong_to
300211,100000036,belong_to
300212,100000036,belong_to
300213,100000036,belong_to
300226,100000036,belong_to
300229,100000036,belong_to
300231,100000036,belong_to
300235,100000036,belong_to
300245,100000036,belong_to
300248,100000036,belong_to
300250,100000036,belong_to
300253,100000036,belong_to
300264,100000036,belong_to
300270,100000036,belong_to
300271,100000036,belong_to
300275,100000036,belong_to
300277,100000036,belong_to
300282,100000036,belong_to
300287,100000036,belong_to
300288,100000036,belong_to
300290,100000036,belong_to
300292,100000036,belong_to
300295,100000036,belong_to
300297,100000036,belong_to
300299,100000036,belong_to
300300,100000036,belong_to
300302,100000036,belong_to
300310,100000036,belong_to
300311,100000036,belong_to
300312,100000036,belong_to
300315,100000036,belong_to
300322,100000036,belong_to
300324,100000036,belong_to
300330,100000036,belong_to
300333,100000036,belong_to
300339,100000036,belong_to
300348,100000036,belong_to
300352,100000036,belong_to
300353,100000036,belong_to
300359,100000036,belong_to
300365,100000036,belong_to
300366,100000036,belong_to
300367,100000036,belong_to
300369,100000036,belong_to
300377,100000036,belong_to
300378,100000036,belong_to
300379,100000036,belong_to
300380,100000036,belong_to
300383,100000036,belong_to
300386,100000036,belong_to
300390,100000036,belong_to
300392,100000036,belong_to
300394,100000036,belong_to
300397,100000036,belong_to
300399,100000036,belong_to
300418,100000036,belong_to
300419,100000036,belong_to
300431,100000036,belong_to
300440,100000036,belong_to
300448,100000036,belong_to
300449,100000036,belong_to
600086,100000037,belong_to
600107,100000037,belong_to
600137,100000037,belong_to
600177,100000037,belong_to
600233,100000037,belong_to
600272,100000037,belong_to
600295,100000037,belong_to
600398,100000037,belong_to
600400,100000037,belong_to
600439,100000037,belong_to
600612,100000037,belong_to
600884,100000037,belong_to
601566,100000037,belong_to
601718,100000037,belong_to
603001,100000037,belong_to
603518,100000037,belong_to
603555,100000037,belong_to
603808,100000037,belong_to
002003,100000037,belong_to
002029,100000037,belong_to
002036,100000037,belong_to
002044,100000037,belong_to
002098,100000037,belong_to
002154,100000037,belong_to
002239,100000037,belong_to
002269,100000037,belong_to
002291,100000037,belong_to
002293,100000037,belong_to
002327,100000037,belong_to
002345,100000037,belong_to
002397,100000037,belong_to
002425,100000037,belong_to
002485,100000037,belong_to
002486,100000037,belong_to
002494,100000037,belong_to
002503,100000037,belong_to
002517,100000037,belong_to
002563,100000037,belong_to
002569,100000037,belong_to
002574,100000037,belong_to
002612,100000037,belong_to
002634,100000037,belong_to
002640,100000037,belong_to
002656,100000037,belong_to
002674,100000037,belong_to
002687,100000037,belong_to
002731,100000037,belong_to
002740,100000037,belong_to
300005,100000037,belong_to
600083,100000038,belong_to
600151,100000038,belong_to
600171,100000038,belong_to
600183,100000038,belong_to
600203,100000038,belong_to
600206,100000038,belong_to
600207,100000038,belong_to
600237,100000038,belong_to
600353,100000038,belong_to
600355,100000038,belong_to
600360,100000038,belong_to
600363,100000038,belong_to
600460,100000038,belong_to
600478,100000038,belong_to
600537,100000038,belong_to
600563,100000038,belong_to
600584,100000038,belong_to
600602,100000038,belong_to
600667,100000038,belong_to
600703,100000038,belong_to
600707,100000038,belong_to
600747,100000038,belong_to
600817,100000038,belong_to
600980,100000038,belong_to
601012,100000038,belong_to
601231,100000038,belong_to
601908,100000038,belong_to
603005,100000038,belong_to
603118,100000038,belong_to
603328,100000038,belong_to
603678,100000038,belong_to
000020,100000038,belong_to
000050,100000038,belong_to
000058,100000038,belong_to
000068,100000038,belong_to
000413,100000038,belong_to
000536,100000038,belong_to
000636,100000038,belong_to
000670,100000038,belong_to
000725,100000038,belong_to
000727,100000038,belong_to
000733,100000038,belong_to
000810,100000038,belong_to
000823,100000038,belong_to
002025,100000038,belong_to
002045,100000038,belong_to
002049,100000038,belong_to
002055,100000038,belong_to
002056,100000038,belong_to
002057,100000038,belong_to
002079,100000038,belong_to
002104,100000038,belong_to
002106,100000038,belong_to
002119,100000038,belong_to
002129,100000038,belong_to
002134,100000038,belong_to
002137,100000038,belong_to
002138,100000038,belong_to
002139,100000038,belong_to
002141,100000038,belong_to
002156,100000038,belong_to
002179,100000038,belong_to
002185,100000038,belong_to
002188,100000038,belong_to
002189,100000038,belong_to
002199,100000038,belong_to
002217,100000038,belong_to
002218,100000038,belong_to
002222,100000038,belong_to
002241,100000038,belong_to
002273,100000038,belong_to
002288,100000038,belong_to
002289,100000038,belong_to
002371,100000038,belong_to
002388,100000038,belong_to
002389,100000038,belong_to
002402,100000038,belong_to
002426,100000038,belong_to
002436,100000038,belong_to
002449,100000038,belong_to
002456,100000038,belong_to
002463,100000038,belong_to
002475,100000038,belong_to
002484,100000038,belong_to
002504,100000038,belong_to
002506,100000038,belong_to
002512,100000038,belong_to
002579,100000038,belong_to
002587,100000038,belong_to
002600,100000038,belong_to
002618,100000038,belong_to
002636,100000038,belong_to
002638,100000038,belong_to
002654,100000038,belong_to
002655,100000038,belong_to
002724,100000038,belong_to
002729,100000038,belong_to
002745,100000038,belong_to
300014,100000038,belong_to
300029,100000038,belong_to
300032,100000038,belong_to
300046,100000038,belong_to
300053,100000038,belong_to
300077,100000038,belong_to
300078,100000038,belong_to
300083,100000038,belong_to
300088,100000038,belong_to
300102,100000038,belong_to
300111,100000038,belong_to
300114,100000038,belong_to
300115,100000038,belong_to
300118,100000038,belong_to
300127,100000038,belong_to
300128,100000038,belong_to
300131,100000038,belong_to
300139,100000038,belong_to
300154,100000038,belong_to
300155,100000038,belong_to
300162,100000038,belong_to
300184,100000038,belong_to
300205,100000038,belong_to
300207,100000038,belong_to
300215,100000038,belong_to
300219,100000038,belong_to
300220,100000038,belong_to
300223,100000038,belong_to
300224,100000038,belong_to
300227,100000038,belong_to
300232,100000038,belong_to
300241,100000038,belong_to
300242,100000038,belong_to
300256,100000038,belong_to
300269,100000038,belong_to
300279,100000038,belong_to
300296,100000038,belong_to
300301,100000038,belong_to
300303,100000038,belong_to
300317,100000038,belong_to
300319,100000038,belong_to
300323,100000038,belong_to
300327,100000038,belong_to
300331,100000038,belong_to
300340,100000038,belong_to
300342,100000038,belong_to
300346,100000038,belong_to
300351,100000038,belong_to
300373,100000038,belong_to
300389,100000038,belong_to
300408,100000038,belong_to
300414,100000038,belong_to
300433,100000038,belong_to
600011,100000039,belong_to
600021,100000039,belong_to
600023,100000039,belong_to
600027,100000039,belong_to
600098,100000039,belong_to
600101,100000039,belong_to
600110,100000039,belong_to
600116,100000039,belong_to
600131,100000039,belong_to
600236,100000039,belong_to
600310,100000039,belong_to
600396,100000039,belong_to
600452,100000039,belong_to
600483,100000039,belong_to
600505,100000039,belong_to
600509,100000039,belong_to
600578,100000039,belong_to
600642,100000039,belong_to
600644,100000039,belong_to
600674,100000039,belong_to
600726,100000039,belong_to
600744,100000039,belong_to
600769,100000039,belong_to
600780,100000039,belong_to
600795,100000039,belong_to
600863,100000039,belong_to
600864,100000039,belong_to
600868,100000039,belong_to
600869,100000039,belong_to
600886,100000039,belong_to
600900,100000039,belong_to
600969,100000039,belong_to
600979,100000039,belong_to
600995,100000039,belong_to
601016,100000039,belong_to
601991,100000039,belong_to
000027,100000039,belong_to
000037,100000039,belong_to
000531,100000039,belong_to
000539,100000039,belong_to
000543,100000039,belong_to
000600,100000039,belong_to
000601,100000039,belong_to
000690,100000039,belong_to
000720,100000039,belong_to
000722,100000039,belong_to
000767,100000039,belong_to
000791,100000039,belong_to
000862,100000039,belong_to
000875,100000039,belong_to
000883,100000039,belong_to
000899,100000039,belong_to
000958,100000039,belong_to
000966,100000039,belong_to
000993,100000039,belong_to
001896,100000039,belong_to
002039,100000039,belong_to
002479,100000039,belong_to
002692,100000039,belong_to
300423,100000039,belong_to
600006,100000040,belong_to
600066,100000040,belong_to
600081,100000040,belong_to
600093,100000040,belong_to
600104,100000040,belong_to
600148,100000040,belong_to
600166,100000040,belong_to
600178,100000040,belong_to
600182,100000040,belong_to
600213,100000040,belong_to
600303,100000040,belong_to
600335,100000040,belong_to
600375,100000040,belong_to
600418,100000040,belong_to
600469,100000040,belong_to
600480,100000040,belong_to
600501,100000040,belong_to
600523,100000040,belong_to
600609,100000040,belong_to
600623,100000040,belong_to
600653,100000040,belong_to
600660,100000040,belong_to
600676,100000040,belong_to
600686,100000040,belong_to
600698,100000040,belong_to
600699,100000040,belong_to
600715,100000040,belong_to
600741,100000040,belong_to
600742,100000040,belong_to
600760,100000040,belong_to
600960,100000040,belong_to
601058,100000040,belong_to
601238,100000040,belong_to
601258,100000040,belong_to
601633,100000040,belong_to
601689,100000040,belong_to
601799,100000040,belong_to
601965,100000040,belong_to
603006,100000040,belong_to
603009,100000040,belong_to
603158,100000040,belong_to
603166,100000040,belong_to
603306,100000040,belong_to
603788,100000040,belong_to
603997,100000040,belong_to
000025,100000040,belong_to
000030,100000040,belong_to
000338,100000040,belong_to
000550,100000040,belong_to
000559,100000040,belong_to
000572,100000040,belong_to
000581,100000040,belong_to
000589,100000040,belong_to
000599,100000040,belong_to
000622,100000040,belong_to
000625,100000040,belong_to
000700,100000040,belong_to
000710,100000040,belong_to
000753,100000040,belong_to
000757,100000040,belong_to
000760,100000040,belong_to
000800,100000040,belong_to
000868,100000040,belong_to
000927,100000040,belong_to
000951,100000040,belong_to
000957,100000040,belong_to
002013,100000040,belong_to
002031,100000040,belong_to
002048,100000040,belong_to
002085,100000040,belong_to
002126,100000040,belong_to
002190,100000040,belong_to
002213,100000040,belong_to
002265,100000040,belong_to
002283,100000040,belong_to
002284,100000040,belong_to
002355,100000040,belong_to
002363,100000040,belong_to
002406,100000040,belong_to
002434,100000040,belong_to
002454,100000040,belong_to
002488,100000040,belong_to
002510,100000040,belong_to
002536,100000040,belong_to
002555,100000040,belong_to
002590,100000040,belong_to
002593,100000040,belong_to
002594,100000040,belong_to
002602,100000040,belong_to
002607,100000040,belong_to
002625,100000040,belong_to
002662,100000040,belong_to
002703,100000040,belong_to
002708,100000040,belong_to
002715,100000040,belong_to
002725,100000040,belong_to
300100,100000040,belong_to
300176,100000040,belong_to
300258,100000040,belong_to
300304,100000040,belong_to
300375,100000040,belong_to
300432,100000040,belong_to
600337,100000041,belong_to
600978,100000041,belong_to
603008,100000041,belong_to
603600,100000041,belong_to
603818,100000041,belong_to
603898,100000041,belong_to
000910,100000041,belong_to
002084,100000041,belong_to
002120,100000041,belong_to
002240,100000041,belong_to
002259,100000041,belong_to
002489,100000041,belong_to
002572,100000041,belong_to
002631,100000041,belong_to
002718,100000041,belong_to
002751,100000041,belong_to
600096,100000042,belong_to
600226,100000042,belong_to
600227,100000042,belong_to
600230,100000042,belong_to
600389,100000042,belong_to
600423,100000042,belong_to
600426,100000042,belong_to
600470,100000042,belong_to
600486,100000042,belong_to
600538,100000042,belong_to
600596,100000042,belong_to
600691,100000042,belong_to
600727,100000042,belong_to
600731,100000042,belong_to
600796,100000042,belong_to
600803,100000042,belong_to
603599,100000042,belong_to
000155,100000042,belong_to
000422,100000042,belong_to
000525,100000042,belong_to
000553,100000042,belong_to
000731,100000042,belong_to
000792,100000042,belong_to
000830,100000042,belong_to
000902,100000042,belong_to
000912,100000042,belong_to
000950,100000042,belong_to
000953,100000042,belong_to
002004,100000042,belong_to
002018,100000042,belong_to
002113,100000042,belong_to
002170,100000042,belong_to
002215,100000042,belong_to
002258,100000042,belong_to
002274,100000042,belong_to
002391,100000042,belong_to
002470,100000042,belong_to
002496,100000042,belong_to
002513,100000042,belong_to
002538,100000042,belong_to
002539,100000042,belong_to
002588,100000042,belong_to
002734,100000042,belong_to
002749,100000042,belong_to
300261,100000042,belong_to
600054,100000043,belong_to
600138,100000043,belong_to
600258,100000043,belong_to
600358,100000043,belong_to
600555,100000043,belong_to
600593,100000043,belong_to
600640,100000043,belong_to
600706,100000043,belong_to
600749,100000043,belong_to
600754,100000043,belong_to
601007,100000043,belong_to
601888,100000043,belong_to
603099,100000043,belong_to
603199,100000043,belong_to
603869,100000043,belong_to
000007,100000043,belong_to
000069,100000043,belong_to
000428,100000043,belong_to
000430,100000043,belong_to
000524,100000043,belong_to
000610,100000043,belong_to
000613,100000043,belong_to
000721,100000043,belong_to
000802,100000043,belong_to
000888,100000043,belong_to
000978,100000043,belong_to
002033,100000043,belong_to
002059,100000043,belong_to
002159,100000043,belong_to
002186,100000043,belong_to
002306,100000043,belong_to
002558,100000043,belong_to
002707,100000043,belong_to
300144,100000043,belong_to
300178,100000043,belong_to
600217,100000044,belong_to
600318,100000044,belong_to
600425,100000044,belong_to
600449,100000044,belong_to
600539,100000044,belong_to
600585,100000044,belong_to
600668,100000044,belong_to
600678,100000044,belong_to
600720,100000044,belong_to
600801,100000044,belong_to
600802,100000044,belong_to
600881,100000044,belong_to
600883,100000044,belong_to
601992,100000044,belong_to
000401,100000044,belong_to
000546,100000044,belong_to
000672,100000044,belong_to
000789,100000044,belong_to
000877,100000044,belong_to
000885,100000044,belong_to
000935,100000044,belong_to
002233,100000044,belong_to
002302,100000044,belong_to
002346,100000044,belong_to
002619,100000044,belong_to
600058,100000045,belong_to
600120,100000045,belong_to
600128,100000045,belong_to
600153,100000045,belong_to
600241,100000045,belong_to
600247,100000045,belong_to
600250,100000045,belong_to
600278,100000045,belong_to
600287,100000045,belong_to
600382,100000045,belong_to
600500,100000045,belong_to
600605,100000045,belong_to
600704,100000045,belong_to
600739,100000045,belong_to
600755,100000045,belong_to
600822,100000045,belong_to
600826,100000045,belong_to
600981,100000045,belong_to
000151,100000045,belong_to
000626,100000045,belong_to
002091,100000045,belong_to
600099,100000046,belong_to
600877,100000046,belong_to
601777,100000046,belong_to
603766,100000046,belong_to
000913,100000046,belong_to
001696,100000046,belong_to
600210,100000047,belong_to
600836,100000047,belong_to
600880,100000047,belong_to
601515,100000047,belong_to
603729,100000047,belong_to
000659,100000047,belong_to
000673,100000047,belong_to
000812,100000047,belong_to
002117,100000047,belong_to
002191,100000047,belong_to
002228,100000047,belong_to
002229,100000047,belong_to
002374,100000047,belong_to
002400,100000047,belong_to
002599,100000047,belong_to
002701,100000047,belong_to
002752,100000047,belong_to
300057,100000047,belong_to
300058,100000047,belong_to
300071,100000047,belong_to
600060,100000048,belong_to
600261,100000048,belong_to
600336,100000048,belong_to
600690,100000048,belong_to
600839,100000048,belong_to
600854,100000048,belong_to
600870,100000048,belong_to
600983,100000048,belong_to
603366,100000048,belong_to
603519,100000048,belong_to
000016,100000048,belong_to
000100,100000048,belong_to
000333,100000048,belong_to
000418,100000048,belong_to
000521,100000048,belong_to
000533,100000048,belong_to
000541,100000048,belong_to
000651,100000048,belong_to
000921,100000048,belong_to
002005,100000048,belong_to
002032,100000048,belong_to
002035,100000048,belong_to
002076,100000048,belong_to
002242,100000048,belong_to
002290,100000048,belong_to
002403,100000048,belong_to
002429,100000048,belong_to
002473,100000048,belong_to
002508,100000048,belong_to
002543,100000048,belong_to
002668,100000048,belong_to
002677,100000048,belong_to
002681,100000048,belong_to
002705,100000048,belong_to
002723,100000048,belong_to
