概念名称,ConceptId:ID,:LABEL
密集调研,10000000,概念
南北船合并,10000001,概念
5G,10000002,概念
机场,10000003,概念
高价股,10000004,概念
烧碱,10000005,概念
AH溢价股,10000006,概念
保险,10000007,概念
PVC,10000008,概念
啤酒,10000009,概念
火电,10000010,概念
银行,10000011,概念
碳纤维,10000012,概念
安邦系,10000013,概念
特高压,10000014,概念
高股息,10000015,概念
光通信,10000016,概念
草甘膦,10000017,概念
高速公路,10000018,概念
有色-铝,10000019,概念
有色-锆,10000020,概念
主题公园,10000021,概念
白马股,10000022,概念
雄安-地产,10000023,概念
OLED,10000024,概念
MSCI,10000025,概念
健康中国,10000026,概念
养老金持股,10000027,概念
水电,10000028,概念
环氧丙烷,10000029,概念
PCB板,10000030,概念
煤炭,10000031,概念
中字头,10000032,概念
血制品,10000033,概念
钢铁,10000034,概念
油服,10000035,概念
内蒙古,10000036,概念
券商,10000037,概念
有色-锌,10000038,概念
人民币升值受益,10000039,概念
阿里巴巴概念股,10000040,概念
有色-锑,10000041,概念
海工装备,10000042,概念
新能源整车,10000043,概念
涤纶,10000044,概念
振兴东北,10000045,概念
有色-镁,10000046,概念
油气改革,10000047,概念
一带一路,10000048,概念
新进指数成份股,10000049,概念
玻纤,10000050,概念
大消费,10000051,概念
被动元件,10000052,概念
北汽新能源,10000053,概念
可燃冰,10000054,概念
东盟博览会,10000055,概念
电改,10000056,概念
石墨电极,10000057,概念
北京城市规划,10000058,概念
特斯拉,10000059,概念
赛马,10000060,概念
航运,10000061,概念
金改,10000062,概念
超级高铁,10000063,概念
农药,10000064,概念
汽车整车,10000065,概念
次新股,10000066,概念
安徽国企改革,10000067,概念
水务,10000068,概念
混改,10000069,概念
PD-1抑制剂,10000070,概念
二胎,10000071,概念
固废处理,10000072,概念
医药商业,10000073,概念
教育,10000074,概念
军工混改,10000075,概念
海底捞概念股,10000076,概念
国家队重仓,10000077,概念
硅锰,10000078,概念
高送转-预期,10000079,概念
央企改革,10000080,概念
有机硅,10000081,概念
民营医院,10000082,概念
华为产业链,10000083,概念
蔚来汽车概念股,10000084,概念
甲醇,10000085,概念
军工研究所,10000086,概念
港口,10000087,概念
社保重仓,10000088,概念
美团概念股,10000089,概念
纯碱,10000090,概念
转基因,10000091,概念
旅游,10000092,概念
福建自贸区,10000093,概念
核电,10000094,概念
乡村振兴,10000095,概念
调味品,10000096,概念
大飞机,10000097,概念
回购,10000098,概念
通用航空,10000099,概念
白酒,10000100,概念
汽车销售,10000101,概念
重庆国企改革,10000102,概念
制冷剂,10000103,概念
航母,10000104,概念
新零售,10000105,概念
饲料,10000106,概念
空铁WiFi,10000107,概念
有色金属,10000108,概念
养猪,10000109,概念
芬太尼概念,10000110,概念
业绩预增,10000111,概念
参股券商,10000112,概念
园林,10000113,概念
宝能系,10000114,概念
破净股,10000115,概念
饮料,10000116,概念
风电,10000117,概念
粤港澳大湾区,10000118,概念
棉花,10000119,概念
中科院系,10000120,概念
页岩气,10000121,概念
重卡,10000122,概念
供应链金融,10000123,概念
保健品,10000124,概念
锦纶（尼龙）,10000125,概念
染料,10000126,概念
军工,10000127,概念
纺织服装,10000128,概念
天然气,10000129,概念
军民融合,10000130,概念
石油化工,10000131,概念
浙江国企改革,10000132,概念
无人机,10000133,概念
有色-镍,10000134,概念
养鸡,10000135,概念
兜底式增持,10000136,概念
有色-钴,10000137,概念
汽车零部件,10000138,概念
有色-钼,10000139,概念
炭黑,10000140,概念
大基建,10000141,概念
物联网,10000142,概念
百度概念股,10000143,概念
筹码集中,10000144,概念
宁德时代概念股,10000145,概念
光伏,10000146,概念
信托,10000147,概念
储能,10000148,概念
装配式建筑,10000149,概念
煤化工,10000150,概念
脑科学,10000151,概念
食品,10000152,概念
无人驾驶,10000153,概念
债转股-AMC,10000154,概念
湖南国企改革,10000155,概念
新疆,10000156,概念
雄安-园林环保,10000157,概念
雄安-金融,10000158,概念
中韩自贸区,10000159,概念
恒大概念股,10000160,概念
智慧物流,10000161,概念
谷歌概念股,10000162,概念
雄安-智慧城市,10000163,概念
化肥,10000164,概念
特色小镇,10000165,概念
养老产业,10000166,概念
厨卫家电,10000167,概念
农垦,10000168,概念
农机,10000169,概念
定增破发,10000170,概念
稀土磁材,10000171,概念
休闲食品,10000172,概念
小家电,10000173,概念
有色-钨,10000174,概念
工业自动化,10000175,概念
智能仪表,10000176,概念
雄安-建材,10000177,概念
乳业（奶粉）,10000178,概念
山西国企改革,10000179,概念
水泥,10000180,概念
地下管廊,10000181,概念
轮胎,10000182,概念
铁总混改,10000183,概念
机械,10000184,概念
环杭州湾大湾区,10000185,概念
高质押率,10000186,概念
雄安-公共服务,10000187,概念
河南自贸区,10000188,概念
山东国企改革,10000189,概念
医药,10000190,概念
太赫兹,10000191,概念
万达系,10000192,概念
白色家电,10000193,概念
白糖,10000194,概念
水利,10000195,概念
中药,10000196,概念
智慧停车,10000197,概念
大气治理,10000198,概念
房地产,10000199,概念
创新药,10000200,概念
海绵城市,10000201,概念
北斗导航,10000202,概念
铁矿石,10000203,概念
网络安全,10000204,概念
家电,10000205,概念
土地流转,10000206,概念
化学药,10000207,概念
锂电池,10000208,概念
海南自由贸易港,10000209,概念
PPP,10000210,概念
小米概念股,10000211,概念
疫苗,10000212,概念
林业,10000213,概念
磷化工,10000214,概念
燃料电池,10000215,概念
量子通信,10000216,概念
高送转-填权,10000217,概念
环保,10000218,概念
3D打印,10000219,概念
数字中国,10000220,概念
智能制造,10000221,概念
创业板人气股,10000222,概念
直播/短视频,10000223,概念
冷链,10000224,概念
雄安新区,10000225,概念
新疆国企改革,10000226,概念
互联网金融,10000227,概念
有色-钒,10000228,概念
无线充电,10000229,概念
维生素,10000230,概念
上海国企改革,10000231,概念
新能源汽车,10000232,概念
基因测序,10000233,概念
雄安-工程基建,10000234,概念
京津冀,10000235,概念
快递物流,10000236,概念
医疗器械,10000237,概念
移动支付,10000238,概念
大数据,10000239,概念
油品升级,10000240,概念
低价股,10000241,概念
醋酸,10000242,概念
流感,10000243,概念
药品信息化追溯,10000244,概念
有色-铜,10000245,概念
云计算,10000246,概念
进口博览会,10000247,概念
人民币贬值受益,10000248,概念
举牌股,10000249,概念
住房租赁,10000250,概念
高送转,10000251,概念
自贸区,10000252,概念
耐火材料,10000253,概念
人工智能,10000254,概念
草铵膦,10000255,概念
造纸,10000256,概念
石墨烯,10000257,概念
互联网医疗,10000258,概念
眼科,10000259,概念
污水处理,10000260,概念
区块链,10000261,概念
玻璃,10000262,概念
足球,10000263,概念
工业互联网,10000264,概念
指纹识别,10000265,概念
半导体,10000266,概念
3D感应,10000267,概念
无人商店,10000268,概念
智慧城市,10000269,概念
农业种植,10000270,概念
3D玻璃,10000271,概念
印染,10000272,概念
西藏,10000273,概念
雄安-周边,10000274,概念
跨境电商,10000275,概念
粘胶短纤,10000276,概念
国产软件,10000277,概念
智能音箱,10000278,概念
天津国企改革,10000279,概念
自由贸易港,10000280,概念
广西,10000281,概念
股权转让,10000282,概念
电竞,10000283,概念
彩票,10000284,概念
钛白粉,10000285,概念
复牌股,10000286,概念
精准医疗,10000287,概念
京东金融概念股,10000288,概念
民爆,10000289,概念
VR&AR,10000290,概念
腾讯概念股,10000291,概念
家具家居,10000292,概念
苹果产业链,10000293,概念
高校系,10000294,概念
国产芯片,10000295,概念
滴滴出行概念股,10000296,概念
共享经济,10000297,概念
期货概念,10000298,概念
黑色家电,10000299,概念
地热,10000300,概念
天津自贸区,10000301,概念
迈瑞医疗概念股,10000302,概念
医疗信息化,10000303,概念
动物保健,10000304,概念
电子发票,10000305,概念
股权争夺,10000306,概念
国产操作系统,10000307,概念
高铁轨交,10000308,概念
体外诊断,10000309,概念
机器视觉,10000310,概念
国资入股,10000311,概念
包装印刷,10000312,概念
智慧安防,10000313,概念
资产重组,10000314,概念
独角兽,10000315,概念
年报季报,10000316,概念
机器人,10000317,概念
LED,10000318,概念
碳交易,10000319,概念
手势识别,10000320,概念
ST股,10000321,概念
蚂蚁金服概念股,10000322,概念
充电桩,10000323,概念
游戏,10000324,概念
装修装饰,10000325,概念
有色-钛,10000326,概念
手游,10000327,概念
虹膜识别,10000328,概念
广电,10000329,概念
深圳本地股/深汕合作,10000330,概念
化妆品,10000331,概念
体育产业,10000332,概念
影视,10000333,概念
壳公司,10000334,概念
黄金,10000335,概念
海南,10000336,概念
知识产权,10000337,概念
燃料乙醇,10000338,概念
ST摘帽,10000339,概念
破发次新,10000340,概念
上海自由贸易港,10000341,概念
民航,10000342,概念
宁夏,10000343,概念
人脸识别,10000344,概念
强势人气股,10000345,概念
橡胶,10000346,概念
动漫,10000347,概念
苹果期货,10000348,概念
无人银行,10000349,概念
富勒烯,10000350,概念
科创板概念股,10000351,概念
创投,10000352,概念
电子车牌,10000353,概念
雄安-设计,10000354,概念
工业大麻,10000355,概念
透明工厂,10000356,概念
人造肉,10000357,概念
